2172199,RMA Reintegro de Inventario
2224106,Rechazado en CECOM
2224104,Rechazado en CECOM
2224157,Rechazado en CECOM
2224158,Rechazado en CECOM
2224121,Rechazado en CECOM
2224123,Rechazado en CECOM
2224140,Rechazado en CECOM
2224146,Rechazado en CECOM
2224161,Rechazado en CECOM
2224163,Rechazado en CECOM
2224167,Rechazado en CECOM
2224170,Rechazado en CECOM
2201394,Rechazado en CECOM
2234035,RMA Reintegro de Inventario
2236409,RMA Reintegro de Inventario
2237372,RMA Reintegro de Inventario
2236002,RMA Reintegro de Inventario
