S.No, Fulfilment Id, cursor
1,124860,Y3Vyc29yOi0tLTEyNDg2MF9fMTU5MDk2ODc3OTU3Nw==
2,124859,Y3Vyc29yOi0tLTEyNDg1OV9fMTU5MDk2ODc3ODk2MA==
3,124858,Y3Vyc29yOi0tLTEyNDg1OF9fMTU5MDk2ODc3ODc4Nw==
4,124824,Y3Vyc29yOi0tLTEyNDgyNF9fMTU5MDk2ODU1NjA2OA==
5,124521,Y3Vyc29yOi0tLTEyNDUyMV9fMTU5MDk2NjUwNzk3Nw==
6,124061,Y3Vyc29yOi0tLTEyNDA2MV9fMTU5MDk2Mzg1ODAxMQ==
7,123956,Y3Vyc29yOi0tLTEyMzk1Nl9fMTU5MDk2MzM3NjE2Ng==
8,123642,Y3Vyc29yOi0tLTEyMzY0Ml9fMTU5MDk2MTczMjM1OQ==
9,123289,Y3Vyc29yOi0tLTEyMzI4OV9fMTU5MDk1OTk5MDYyMw==
10,123248,Y3Vyc29yOi0tLTEyMzI0OF9fMTU5MDk1OTc4MDI1MQ==
11,123173,Y3Vyc29yOi0tLTEyMzE3M19fMTU5MDk1OTU3OTY5Nw==
12,123158,Y3Vyc29yOi0tLTEyMzE1OF9fMTU5MDk1OTUzNzAyMg==
13,123134,Y3Vyc29yOi0tLTEyMzEzNF9fMTU5MDk1OTM3ODk2Mw==
14,123000,Y3Vyc29yOi0tLTEyMzAwMF9fMTU5MDk1ODcxNTI4Nw==
15,122752,Y3Vyc29yOi0tLTEyMjc1Ml9fMTU5MDk1NzQyNzQzMw==
16,122650,Y3Vyc29yOi0tLTEyMjY1MF9fMTU5MDk1NzAwODEyNQ==
17,122350,Y3Vyc29yOi0tLTEyMjM1MF9fMTU5MDk1NTMzNDYwNQ==
18,121900,Y3Vyc29yOi0tLTEyMTkwMF9fMTU5MDk1MzI4NTMzMw==
19,121550,Y3Vyc29yOi0tLTEyMTU1MF9fMTU5MDk1MTUwMjYzMg==
20,121452,Y3Vyc29yOi0tLTEyMTQ1Ml9fMTU5MDk1MDk1MzU5Mw==
1,120682,Y3Vyc29yOi0tLTEyMDY4Ml9fMTU5MDk0Njg0MjUyNQ==
2,120271,Y3Vyc29yOi0tLTEyMDI3MV9fMTU5MDk0NDc4NzI4Ng==
3,119619,Y3Vyc29yOi0tLTExOTYxOV9fMTU5MDk0MDMxMzkzNQ==
4,119450,Y3Vyc29yOi0tLTExOTQ1MF9fMTU5MDkzODU3MTQzMA==
5,118940,Y3Vyc29yOi0tLTExODk0MF9fMTU5MDkzMjIyMTc0Nw==
6,118114,Y3Vyc29yOi0tLTExODExNF9fMTU5MDkwMTI1NDY1OQ==
7,118015,Y3Vyc29yOi0tLTExODAxNV9fMTU5MDkwMDM4NjAzOQ==
8,117965,Y3Vyc29yOi0tLTExNzk2NV9fMTU5MDkwMDIwMjA2OQ==
9,117931,Y3Vyc29yOi0tLTExNzkzMV9fMTU5MDg5OTkwMjY3OA==
10,117891,Y3Vyc29yOi0tLTExNzg5MV9fMTU5MDg5OTYxNzAzNQ==
11,117862,Y3Vyc29yOi0tLTExNzg2Ml9fMTU5MDg5OTQ0MTQ4OA==
12,117589,Y3Vyc29yOi0tLTExNzU4OV9fMTU5MDg5NzYxMDM0Mw==
13,117409,Y3Vyc29yOi0tLTExNzQwOV9fMTU5MDg5NjM4OTkxMA==
14,117017,Y3Vyc29yOi0tLTExNzAxN19fMTU5MDg5MzkxMTg0OQ==
15,116736,Y3Vyc29yOi0tLTExNjczNl9fMTU5MDg5MjI2NzU2OQ==
16,116733,Y3Vyc29yOi0tLTExNjczM19fMTU5MDg5MjI2NjIxNw==
17,116418,Y3Vyc29yOi0tLTExNjQxOF9fMTU5MDg5MDI5NzYzNw==
18,116290,Y3Vyc29yOi0tLTExNjI5MF9fMTU5MDg4OTU3NzgyMw==
19,115164,Y3Vyc29yOi0tLTExNTE2NF9fMTU5MDg4NDEwOTQ4Nw==
20,114815,Y3Vyc29yOi0tLTExNDgxNV9fMTU5MDg4MjA3MzU5OA==
1,114116,Y3Vyc29yOi0tLTExNDExNl9fMTU5MDg3ODM1NjQ5OA==
2,110871,Y3Vyc29yOi0tLTExMDg3MV9fMTU5MDg2MDc4NTcyOA==
3,110581,Y3Vyc29yOi0tLTExMDU4MV9fMTU5MDg1OTExMTc0NQ==
4,110308,Y3Vyc29yOi0tLTExMDMwOF9fMTU5MDg1NzQ1NzQ2OA==
5,110045,Y3Vyc29yOi0tLTExMDA0NV9fMTU5MDg1NTYzNDUyMw==
6,109993,Y3Vyc29yOi0tLTEwOTk5M19fMTU5MDg1NTMzNDA2MA==
7,109563,Y3Vyc29yOi0tLTEwOTU2M19fMTU5MDg1MTgyNjc2OQ==
8,108792,Y3Vyc29yOi0tLTEwODc5Ml9fMTU5MDgyNDk4NTU1NQ==
9,107119,Y3Vyc29yOi0tLTEwNzExOV9fMTU5MDgwNTkzNDIzNw==
10,106589,Y3Vyc29yOi0tLTEwNjU4OV9fMTU5MDgwMjI3NzAxMQ==
11,103641,Y3Vyc29yOi0tLTEwMzY0MV9fMTU5MDc4NTMxODY1Ng==
12,103450,Y3Vyc29yOi0tLTEwMzQ1MF9fMTU5MDc4NDIwNzk3OA==
13,103224,Y3Vyc29yOi0tLTEwMzIyNF9fMTU5MDc4MjQ5MTM5Nw==
14,102564,Y3Vyc29yOi0tLTEwMjU2NF9fMTU5MDc3Nzk5NTY3Mg==
15,102563,Y3Vyc29yOi0tLTEwMjU2M19fMTU5MDc3Nzk5NDgzMQ==
16,100038,Y3Vyc29yOi0tLTEwMDAzOF9fMTU5MDczNjI3MjQ2OA==
17,99932,Y3Vyc29yOi0tLTk5OTMyX18xNTkwNzMzNzk1Mjc1
18,99248,Y3Vyc29yOi0tLTk5MjQ4X18xNTkwNzI2MDE0Mjg1
19,98967,Y3Vyc29yOi0tLTk4OTY3X18xNTkwNzIzOTY0NTM0
20,97695,Y3Vyc29yOi0tLTk3Njk1X18xNTkwNzE1NDY3MDMx
1,97167,Y3Vyc29yOi0tLTk3MTY3X18xNTkwNzEyMzg3NDk0
2,97107,Y3Vyc29yOi0tLTk3MTA3X18xNTkwNzEyMDQ1ODY0
3,96996,Y3Vyc29yOi0tLTk2OTk2X18xNTkwNzExMzY5NDE5
4,96878,Y3Vyc29yOi0tLTk2ODc4X18xNTkwNzEwNzQzNjc5
5,96243,Y3Vyc29yOi0tLTk2MjQzX18xNTkwNzA3MTM0OTYy
6,95362,Y3Vyc29yOi0tLTk1MzYyX18xNTkwNzAyMjAyNjgx
7,95349,Y3Vyc29yOi0tLTk1MzQ5X18xNTkwNzAyMTI5Njcx
8,94939,Y3Vyc29yOi0tLTk0OTM5X18xNTkwNjk5NDA4MzA3
9,94741,Y3Vyc29yOi0tLTk0NzQxX18xNTkwNjk3OTM2NjY0
10,94327,Y3Vyc29yOi0tLTk0MzI3X18xNTkwNjk1MTI2MTQ0
11,94100,Y3Vyc29yOi0tLTk0MTAwX18xNTkwNjkzNjAzNDY1
12,94023,Y3Vyc29yOi0tLTk0MDIzX18xNTkwNjkzMTc3Mzg3
13,93654,Y3Vyc29yOi0tLTkzNjU0X18xNTkwNjkxMDMwNzgw
14,92495,Y3Vyc29yOi0tLTkyNDk1X18xNTkwNjg0MjE4ODM3
15,91995,Y3Vyc29yOi0tLTkxOTk1X18xNTkwNjc2NjA3MTUw
16,91582,Y3Vyc29yOi0tLTkxNTgyX18xNTkwNjUzMDU1OTg2
17,91286,Y3Vyc29yOi0tLTkxMjg2X18xNTkwNjQ1NjY1MDMx
18,90858,Y3Vyc29yOi0tLTkwODU4X18xNTkwNjQxMDI0Nzkz
19,90810,Y3Vyc29yOi0tLTkwODEwX18xNTkwNjQwNTc1OTg4
20,90291,Y3Vyc29yOi0tLTkwMjkxX18xNTkwNjM2OTE3Nzkz
1,89787,Y3Vyc29yOi0tLTg5Nzg3X18xNTkwNjMzNjM4NDMz
2,89666,Y3Vyc29yOi0tLTg5NjY2X18xNTkwNjMyNjg5MzM0
3,89630,Y3Vyc29yOi0tLTg5NjMwX18xNTkwNjMyMzUzNTYx
4,89300,Y3Vyc29yOi0tLTg5MzAwX18xNTkwNjMwNDA5NDk5
5,88471,Y3Vyc29yOi0tLTg4NDcxX18xNTkwNjI1Nzg1NDU1
6,88357,Y3Vyc29yOi0tLTg4MzU3X18xNTkwNjI1MDk2MzU2
7,87860,Y3Vyc29yOi0tLTg3ODYwX18xNTkwNjIyMTY4OTUy
8,87040,Y3Vyc29yOi0tLTg3MDQwX18xNTkwNjE3NDI0OTg2
9,87021,Y3Vyc29yOi0tLTg3MDIxX18xNTkwNjE3MzIzMDYx
10,86893,Y3Vyc29yOi0tLTg2ODkzX18xNTkwNjE2NjIyNzEw
11,86606,Y3Vyc29yOi0tLTg2NjA2X18xNTkwNjE0OTU5MjAw
12,86522,Y3Vyc29yOi0tLTg2NTIyX18xNTkwNjE0NDMzMjcx
13,85658,Y3Vyc29yOi0tLTg1NjU4X18xNTkwNjA4NDc2MTcw
14,85098,Y3Vyc29yOi0tLTg1MDk4X18xNTkwNjA0NDU1MzMx
15,84856,Y3Vyc29yOi0tLTg0ODU2X18xNTkwNjAzMTg3Mjcw
16,84010,Y3Vyc29yOi0tLTg0MDEwX18xNTkwNTk4MTM0MTgw
17,83435,Y3Vyc29yOi0tLTgzNDM1X18xNTkwNTkzMzkyNTcy
18,83322,Y3Vyc29yOi0tLTgzMzIyX18xNTkwNTkyMTEzMTE1
19,83085,Y3Vyc29yOi0tLTgzMDg1X18xNTkwNTg5MjU5Mzk1
20,82219,Y3Vyc29yOi0tLTgyMjE5X18xNTkwNTU2NTcyNzQw
1,81311,Y3Vyc29yOi0tLTgxMzExX18xNTkwNTUwNjg5OTQ2
2,81276,Y3Vyc29yOi0tLTgxMjc2X18xNTkwNTUwNTEyOTU0
3,80938,Y3Vyc29yOi0tLTgwOTM4X18xNTkwNTQ4NzU2MDgz
4,80848,Y3Vyc29yOi0tLTgwODQ4X18xNTkwNTQ4Mjc4MTc1
5,80711,Y3Vyc29yOi0tLTgwNzExX18xNTkwNTQ3NDg1NjE0
6,80206,Y3Vyc29yOi0tLTgwMjA2X18xNTkwNTQ0NDg1NDkz
7,79443,Y3Vyc29yOi0tLTc5NDQzX18xNTkwNTQwMzcxMDM4
8,78161,Y3Vyc29yOi0tLTc4MTYxX18xNTkwNTM0Mzc3OTA4
9,77944,Y3Vyc29yOi0tLTc3OTQ0X18xNTkwNTMzNTE3MDAy
10,77832,Y3Vyc29yOi0tLTc3ODMyX18xNTkwNTMyODU5Nzkx
11,76892,Y3Vyc29yOi0tLTc2ODkyX18xNTkwNTI4NDI1MjE5
12,76868,Y3Vyc29yOi0tLTc2ODY4X18xNTkwNTI4MzQ0MTUw
13,76174,Y3Vyc29yOi0tLTc2MTc0X18xNTkwNTI0ODA3NTIz
14,76120,Y3Vyc29yOi0tLTc2MTIwX18xNTkwNTI0NDg2MDkw
15,75508,Y3Vyc29yOi0tLTc1NTA4X18xNTkwNTIxNDcyNTIz
16,75315,Y3Vyc29yOi0tLTc1MzE1X18xNTkwNTIwNTY5Njg0
17,75093,Y3Vyc29yOi0tLTc1MDkzX18xNTkwNTE5NTA5MDQx
18,73029,Y3Vyc29yOi0tLTczMDI5X18xNTkwNTA3ODU1Mjk3
19,72981,Y3Vyc29yOi0tLTcyOTgxX18xNTkwNTA3NTE3MjQx
20,72211,Y3Vyc29yOi0tLTcyMjExX18xNTkwNDk4Nzg1MDQ2
1,72021,Y3Vyc29yOi0tLTcyMDIxX18xNTkwNDgwNTA5OTEy
2,71825,Y3Vyc29yOi0tLTcxODI1X18xNTkwNDc0ODQzMDgz
3,71689,Y3Vyc29yOi0tLTcxNjg5X18xNTkwNDcyNzU5MzMy
4,71494,Y3Vyc29yOi0tLTcxNDk0X18xNTkwNDcwOTMzMTI2
5,70102,Y3Vyc29yOi0tLTcwMTAyX18xNTkwNDYyMzQ2ODY5
6,69209,Y3Vyc29yOi0tLTY5MjA5X18xNTkwNDU3NTI3NjE4
7,69038,Y3Vyc29yOi0tLTY5MDM4X18xNTkwNDU2Njc5OTk4
8,68843,Y3Vyc29yOi0tLTY4ODQzX18xNTkwNDU1NzczMTAy
9,67315,Y3Vyc29yOi0tLTY3MzE1X18xNTkwNDQ4ODEzMzg1
10,66873,Y3Vyc29yOi0tLTY2ODczX18xNTkwNDQ2ODE0NDUz
11,66362,Y3Vyc29yOi0tLTY2MzYyX18xNTkwNDQ0MzYzNzAz
12,65843,Y3Vyc29yOi0tLTY1ODQzX18xNTkwNDQyMTQwMTIw
13,65716,Y3Vyc29yOi0tLTY1NzE2X18xNTkwNDQxNTA0NjEy
14,65707,Y3Vyc29yOi0tLTY1NzA3X18xNTkwNDQxNDE0Njcz
15,65566,Y3Vyc29yOi0tLTY1NTY2X18xNTkwNDQwNjkxNTY1
16,65274,Y3Vyc29yOi0tLTY1Mjc0X18xNTkwNDM5Mjk4MTYy
17,65141,Y3Vyc29yOi0tLTY1MTQxX18xNTkwNDM4NjExODEx
18,64943,Y3Vyc29yOi0tLTY0OTQzX18xNTkwNDM3NzEwNjgy
19,64927,Y3Vyc29yOi0tLTY0OTI3X18xNTkwNDM3NjEyNjEz
20,63685,Y3Vyc29yOi0tLTYzNjg1X18xNTkwNDMxMzEwNDYx
1,63488,Y3Vyc29yOi0tLTYzNDg4X18xNTkwNDMwMjA2MDgy
2,63384,Y3Vyc29yOi0tLTYzMzg0X18xNTkwNDI5NjE1MDU2
3,62597,Y3Vyc29yOi0tLTYyNTk3X18xNTkwNDI1NTQ0NjEz
4,62051,Y3Vyc29yOi0tLTYyMDUxX18xNTkwNDIyMjIwOTAx
5,61532,Y3Vyc29yOi0tLTYxNTMyX18xNTkwNDE3Nzc0MTcy
6,61388,Y3Vyc29yOi0tLTYxMzg4X18xNTkwNDE1OTQ3Njky
7,60824,Y3Vyc29yOi0tLTYwODI0X18xNTkwMzg3MTYwNzIx
8,60246,Y3Vyc29yOi0tLTYwMjQ2X18xNTkwMzgyMzA2MDUw
9,60051,Y3Vyc29yOi0tLTYwMDUxX18xNTkwMzgxMDEwNDA0
10,59046,Y3Vyc29yOi0tLTU5MDQ2X18xNTkwMzc2NTA2ODU4
11,59020,Y3Vyc29yOi0tLTU5MDIwX18xNTkwMzc2NDE2Njky
12,58750,Y3Vyc29yOi0tLTU4NzUwX18xNTkwMzc1MjE2NDYx
13,58550,Y3Vyc29yOi0tLTU4NTUwX18xNTkwMzc0MzEwNzI1
14,57801,Y3Vyc29yOi0tLTU3ODAxX18xNTkwMzcxMTc1NTY2
15,57569,Y3Vyc29yOi0tLTU3NTY5X18xNTkwMzcwMjE2MTgz
16,57534,Y3Vyc29yOi0tLTU3NTM0X18xNTkwMzcwMDE5NzI1
17,56926,Y3Vyc29yOi0tLTU2OTI2X18xNTkwMzY3NjEyNDU1
18,56117,Y3Vyc29yOi0tLTU2MTE3X18xNTkwMzY0NjM5ODY1
19,55838,Y3Vyc29yOi0tLTU1ODM4X18xNTkwMzYzNjY1MDc2
20,55639,Y3Vyc29yOi0tLTU1NjM5X18xNTkwMzYzMDUzNjg3
1,55078,Y3Vyc29yOi0tLTU1MDc4X18xNTkwMzYwNzY2NTIx
2,54980,Y3Vyc29yOi0tLTU0OTgwX18xNTkwMzYwMzcxMDY4
3,54681,Y3Vyc29yOi0tLTU0NjgxX18xNTkwMzU5Mjk5NTE2
4,54490,Y3Vyc29yOi0tLTU0NDkwX18xNTkwMzU4NTA3ODQ4
5,54149,Y3Vyc29yOi0tLTU0MTQ5X18xNTkwMzU3MTc3NTEz
6,53556,Y3Vyc29yOi0tLTUzNTU2X18xNTkwMzU0NzIxMDAy
7,52166,Y3Vyc29yOi0tLTUyMTY2X18xNTkwMzQ5NDc4OTM0
8,49263,Y3Vyc29yOi0tLTQ5MjYzX18xNTkwMzM5MDk1NDc0
9,49030,Y3Vyc29yOi0tLTQ5MDMwX18xNTkwMzM4MDY1NDAx
10,48896,Y3Vyc29yOi0tLTQ4ODk2X18xNTkwMzM3NDcxMDAx
11,48242,Y3Vyc29yOi0tLTQ4MjQyX18xNTkwMzMzNjY1NjE1
12,48197,Y3Vyc29yOi0tLTQ4MTk3X18xNTkwMzMzMzY2MTMy
13,47789,Y3Vyc29yOi0tLTQ3Nzg5X18xNTkwMzMwMTA2ODE1
14,47238,Y3Vyc29yOi0tLTQ3MjM4X18xNTkwMzA2OTM5NDQw
15,46694,Y3Vyc29yOi0tLTQ2Njk0X18xNTkwMjk5MTc1NDY4
16,46677,Y3Vyc29yOi0tLTQ2Njc3X18xNTkwMjk5MTY2ODAz
17,44960,Y3Vyc29yOi0tLTQ0OTYwX18xNTkwMjkwNzA5NTU5
18,42818,Y3Vyc29yOi0tLTQyODE4X18xNTkwMjgyMjgyNDA1
19,42528,Y3Vyc29yOi0tLTQyNTI4X18xNTkwMjgxMjM2MDgx
20,41287,Y3Vyc29yOi0tLTQxMjg3X18xNTkwMjc3NDAyMTcy
1,40602,Y3Vyc29yOi0tLTQwNjAyX18xNTkwMjc0NjM0NDgy
2,39796,Y3Vyc29yOi0tLTM5Nzk2X18xNTkwMjcyMDI5MzA1
3,39113,Y3Vyc29yOi0tLTM5MTEzX18xNTkwMjY5MTUxNDMw
4,38597,Y3Vyc29yOi0tLTM4NTk3X18xNTkwMjY1NjQ4NDE2
5,37928,Y3Vyc29yOi0tLTM3OTI4X18xNTkwMjYxMTY3ODU2
6,37705,Y3Vyc29yOi0tLTM3NzA1X18xNTkwMjU5NTY3OTEy
7,37178,Y3Vyc29yOi0tLTM3MTc4X18xNTkwMjU1OTk2NzA2
8,36462,Y3Vyc29yOi0tLTM2NDYyX18xNTkwMjUwNjY0MjI3
9,36372,Y3Vyc29yOi0tLTM2MzcyX18xNTkwMjQ5OTg3Mjk4
10,36132,Y3Vyc29yOi0tLTM2MTMyX18xNTkwMjQ3NTk5NzQ5
11,34951,Y3Vyc29yOi0tLTM0OTUxX18xNTkwMjEwODEwMjg3
12,34593,Y3Vyc29yOi0tLTM0NTkzX18xNTkwMjA4NDM3ODEw
13,34587,Y3Vyc29yOi0tLTM0NTg3X18xNTkwMjA4NDAzNDQ5
14,34324,Y3Vyc29yOi0tLTM0MzI0X18xNTkwMjA2ODU3NTE5
15,33811,Y3Vyc29yOi0tLTMzODExX18xNTkwMjAzOTAxNjU3
16,33120,Y3Vyc29yOi0tLTMzMTIwX18xNTkwMTk5ODYxNjU3
17,32874,Y3Vyc29yOi0tLTMyODc0X18xNTkwMTk4NjI4MDc4
18,31310,Y3Vyc29yOi0tLTMxMzEwX18xNTkwMTkwMDExNDc2
19,30014,Y3Vyc29yOi0tLTMwMDE0X18xNTkwMTgzMjg5Nzkz
20,29416,Y3Vyc29yOi0tLTI5NDE2X18xNTkwMTgwMTY5MjAw
1,29204,Y3Vyc29yOi0tLTI5MjA0X18xNTkwMTc5MDUxNDQ1
2,28910,Y3Vyc29yOi0tLTI4OTEwX18xNTkwMTc3Njc3ODY0
3,28104,Y3Vyc29yOi0tLTI4MTA0X18xNTkwMTc0NDA1NTUy
4,27067,Y3Vyc29yOi0tLTI3MDY3X18xNTkwMTcwNzg5MDk4
5,26594,Y3Vyc29yOi0tLTI2NTk0X18xNTkwMTY4NjY1NjIz
6,26131,Y3Vyc29yOi0tLTI2MTMxX18xNTkwMTY2NTgxOTc0
7,23332,Y3Vyc29yOi0tLTIzMzMyX18xNTkwMTI5NzkzMDEx
8,22845,Y3Vyc29yOi0tLTIyODQ1X18xNTkwMTI4MTMxNTI1
9,20343,Y3Vyc29yOi0tLTIwMzQzX18xNTkwMTAyMDY3MzUy
10,19456,Y3Vyc29yOi0tLTE5NDU2X18xNTkwMDg2NTYyNTAy
11,19141,Y3Vyc29yOi0tLTE5MTQxX18xNTkwMDgxMzM1NzIz
12,17601,Y3Vyc29yOi0tLTE3NjAxX18xNTkwMDIyOTI0MDA0
13,16587,Y3Vyc29yOi0tLTE2NTg3X18xNTkwMDA2MzYyOTYw
14,15867,Y3Vyc29yOi0tLTE1ODY3X18xNTg5OTg5ODI3Njgy
15,15296,Y3Vyc29yOi0tLTE1Mjk2X18xNTg5OTYxNTQ2NDE5
16,14943,Y3Vyc29yOi0tLTE0OTQzX18xNTg5OTUwMzAyMDgx
17,14450,Y3Vyc29yOi0tLTE0NDUwX18xNTg5OTQyMDU3NzM0
18,13656,Y3Vyc29yOi0tLTEzNjU2X18xNTg5OTMyNTQyNDc5
19,13523,Y3Vyc29yOi0tLTEzNTIzX18xNTg5OTMwNzA0NzA1
20,13457,Y3Vyc29yOi0tLTEzNDU3X18xNTg5OTI5NzQ4NTcx
1,12622,Y3Vyc29yOi0tLTEyNjIyX18xNTg5OTE1NzA5MDM5
2,12586,Y3Vyc29yOi0tLTEyNTg2X18xNTg5OTE1NDA3NDU0
3,12456,Y3Vyc29yOi0tLTEyNDU2X18xNTg5OTE0MDQyMDkw
4,8862,Y3Vyc29yOi0tLTg4NjJfXzE1ODk4MTk2NTI0MjY=
5,7048,Y3Vyc29yOi0tLTcwNDhfXzE1ODk3NDkyNjYzMzI=
6,5774,Y3Vyc29yOi0tLTU3NzRfXzE1ODk2OTUzMTUwNDM=
7,5734,Y3Vyc29yOi0tLTU3MzRfXzE1ODk2OTQxNjkzNjg=
8,4936,Y3Vyc29yOi0tLTQ5MzZfXzE1ODk2NzQ1NzExNTE=
9,4139,Y3Vyc29yOi0tLTQxMzlfXzE1ODk2NTk3NjMxODk=
10,2393,Y3Vyc29yOi0tLTIzOTNfXzE1ODk1NzkxNjI0NDI=
11,2235,Y3Vyc29yOi0tLTIyMzVfXzE1ODk1NzI1NjYyMDQ=
12,2124,Y3Vyc29yOi0tLTIxMjRfXzE1ODk1Njg4NjI1MTY=
13,1878,Y3Vyc29yOi0tLTE4NzhfXzE1ODk1NjAwMTAxMTA=
