1306862,ORDER_IN_ERROR
1259453,Fulfilment con Cancelacion
1257918,Fulfilment con Cancelacion
1257898,Fulfilment con Cancelacion
1252759,Fulfilment con Cancelacion
1220114,Fulfilment con Cancelacion
1220101,Fulfilment con Cancelacion
1220091,Fulfilment con Cancelacion
1220046,Fulfilment con Cancelacion
1220027,Fulfilment con Cancelacion
1191683,Fulfilment con Cancelacion
1191512,Fulfilment con Cancelacion
1106178,CREATED
1084064,Fulfilment con Cancelacion
1084045,Fulfilment con Cancelacion
1074327,Fulfilment con Cancelacion
1060802,Fulfilment con Cancelacion
976867,CREATED
