S.No, Order Id, cursor
1,1372051,Y3Vyc29yOi0tLTEzNzIwNTFfXzE2MDY4NjcxOTg1NDY=
2,1372050,Y3Vyc29yOi0tLTEzNzIwNTBfXzE2MDY4NjcxODgzMTk=
3,1372049,Y3Vyc29yOi0tLTEzNzIwNDlfXzE2MDY4NjcxODYxNzg=
4,1372048,Y3Vyc29yOi0tLTEzNzIwNDhfXzE2MDY4NjcxNjE1MTY=
5,1372047,Y3Vyc29yOi0tLTEzNzIwNDdfXzE2MDY4NjcxMTUwMzI=
6,1372046,Y3Vyc29yOi0tLTEzNzIwNDZfXzE2MDY4NjcwOTUxMjY=
7,1372045,Y3Vyc29yOi0tLTEzNzIwNDVfXzE2MDY4NjcwODYwMzU=
8,1372044,Y3Vyc29yOi0tLTEzNzIwNDRfXzE2MDY4NjcwMjk5NTU=
9,1372043,Y3Vyc29yOi0tLTEzNzIwNDNfXzE2MDY4NjcwMjY4MjE=
10,1372042,Y3Vyc29yOi0tLTEzNzIwNDJfXzE2MDY4NjY5ODU5ODQ=
11,1372041,Y3Vyc29yOi0tLTEzNzIwNDFfXzE2MDY4NjY5NDMwMzI=
12,1372040,Y3Vyc29yOi0tLTEzNzIwNDBfXzE2MDY4NjY5Mzg1OTU=
13,1372039,Y3Vyc29yOi0tLTEzNzIwMzlfXzE2MDY4NjY5MTkwODg=
14,1372038,Y3Vyc29yOi0tLTEzNzIwMzhfXzE2MDY4NjY5MTYwODA=
15,1372037,Y3Vyc29yOi0tLTEzNzIwMzdfXzE2MDY4NjY5MTIwMDM=
16,1372036,Y3Vyc29yOi0tLTEzNzIwMzZfXzE2MDY4NjY4OTE1NzU=
17,1372035,Y3Vyc29yOi0tLTEzNzIwMzVfXzE2MDY4NjY4MTc1MzU=
18,1372034,Y3Vyc29yOi0tLTEzNzIwMzRfXzE2MDY4NjY3NjQyMjE=
19,1372033,Y3Vyc29yOi0tLTEzNzIwMzNfXzE2MDY4NjY3MzkyODY=
20,1372032,Y3Vyc29yOi0tLTEzNzIwMzJfXzE2MDY4NjY3MjYyNDA=
21,1372031,Y3Vyc29yOi0tLTEzNzIwMzFfXzE2MDY4NjY3MjU3OTM=
22,1372030,Y3Vyc29yOi0tLTEzNzIwMzBfXzE2MDY4NjY2NzA4OTc=
23,1372029,Y3Vyc29yOi0tLTEzNzIwMjlfXzE2MDY4NjY2MzM4ODE=
24,1372028,Y3Vyc29yOi0tLTEzNzIwMjhfXzE2MDY4NjY1NjEyNDE=
25,1372027,Y3Vyc29yOi0tLTEzNzIwMjdfXzE2MDY4NjY1NTY3MjM=
26,1372026,Y3Vyc29yOi0tLTEzNzIwMjZfXzE2MDY4NjY1NTQwNDY=
27,1372025,Y3Vyc29yOi0tLTEzNzIwMjVfXzE2MDY4NjY1MTIzODc=
28,1372024,Y3Vyc29yOi0tLTEzNzIwMjRfXzE2MDY4NjY0Nzg3NzM=
29,1372023,Y3Vyc29yOi0tLTEzNzIwMjNfXzE2MDY4NjY0NDQ5ODA=
30,1372022,Y3Vyc29yOi0tLTEzNzIwMjJfXzE2MDY4NjY0NDM5Mzg=
31,1372021,Y3Vyc29yOi0tLTEzNzIwMjFfXzE2MDY4NjY0NDM2ODg=
32,1372020,Y3Vyc29yOi0tLTEzNzIwMjBfXzE2MDY4NjY0NDE2NDk=
33,1372019,Y3Vyc29yOi0tLTEzNzIwMTlfXzE2MDY4NjY0Mzg3NTc=
34,1372018,Y3Vyc29yOi0tLTEzNzIwMThfXzE2MDY4NjY0MzU0ODA=
35,1372017,Y3Vyc29yOi0tLTEzNzIwMTdfXzE2MDY4NjY0MTcyNjc=
36,1372016,Y3Vyc29yOi0tLTEzNzIwMTZfXzE2MDY4NjY0MDE5MDE=
37,1372015,Y3Vyc29yOi0tLTEzNzIwMTVfXzE2MDY4NjYzNzI0Mjc=
38,1372014,Y3Vyc29yOi0tLTEzNzIwMTRfXzE2MDY4NjYzNjk0NDY=
39,1372013,Y3Vyc29yOi0tLTEzNzIwMTNfXzE2MDY4NjYzNjg2NTM=
40,1372012,Y3Vyc29yOi0tLTEzNzIwMTJfXzE2MDY4NjYzNjgzNTY=
41,1372011,Y3Vyc29yOi0tLTEzNzIwMTFfXzE2MDY4NjYzNjgxNjk=
42,1372010,Y3Vyc29yOi0tLTEzNzIwMTBfXzE2MDY4NjYzNjgwOTc=
43,1372009,Y3Vyc29yOi0tLTEzNzIwMDlfXzE2MDY4NjYzNjc1MzU=
44,1372008,Y3Vyc29yOi0tLTEzNzIwMDhfXzE2MDY4NjYzNjc0MTk=
45,1372007,Y3Vyc29yOi0tLTEzNzIwMDdfXzE2MDY4NjYzNjY2MjU=
46,1372006,Y3Vyc29yOi0tLTEzNzIwMDZfXzE2MDY4NjYzNTUyMDI=
47,1372005,Y3Vyc29yOi0tLTEzNzIwMDVfXzE2MDY4NjYzMjg0NDc=
48,1372004,Y3Vyc29yOi0tLTEzNzIwMDRfXzE2MDY4NjYzMDk1MzQ=
49,1372003,Y3Vyc29yOi0tLTEzNzIwMDNfXzE2MDY4NjYyOTAyNDk=
50,1372002,Y3Vyc29yOi0tLTEzNzIwMDJfXzE2MDY4NjYyNzAwMzY=
51,1372001,Y3Vyc29yOi0tLTEzNzIwMDFfXzE2MDY4NjYyNjcyMDU=
52,1372000,Y3Vyc29yOi0tLTEzNzIwMDBfXzE2MDY4NjYyNjQ4ODc=
53,1371999,Y3Vyc29yOi0tLTEzNzE5OTlfXzE2MDY4NjYyNTUzNzg=
54,1371998,Y3Vyc29yOi0tLTEzNzE5OThfXzE2MDY4NjYyMjc0NTc=
55,1371997,Y3Vyc29yOi0tLTEzNzE5OTdfXzE2MDY4NjYyMTc4NjM=
56,1371996,Y3Vyc29yOi0tLTEzNzE5OTZfXzE2MDY4NjYyMTYyMDE=
57,1371995,Y3Vyc29yOi0tLTEzNzE5OTVfXzE2MDY4NjYxODI3MjM=
58,1371994,Y3Vyc29yOi0tLTEzNzE5OTRfXzE2MDY4NjYxMzE1NzM=
59,1371993,Y3Vyc29yOi0tLTEzNzE5OTNfXzE2MDY4NjYxMTQxNDM=
60,1371992,Y3Vyc29yOi0tLTEzNzE5OTJfXzE2MDY4NjYwOTY3NzQ=
61,1371991,Y3Vyc29yOi0tLTEzNzE5OTFfXzE2MDY4NjYwOTE2MDg=
62,1371990,Y3Vyc29yOi0tLTEzNzE5OTBfXzE2MDY4NjYwNTIzNjQ=
63,1371989,Y3Vyc29yOi0tLTEzNzE5ODlfXzE2MDY4NjYwMzkwOTQ=
64,1371988,Y3Vyc29yOi0tLTEzNzE5ODhfXzE2MDY4NjYwMTIxODE=
65,1371987,Y3Vyc29yOi0tLTEzNzE5ODdfXzE2MDY4NjYwMDUzNjY=
66,1371986,Y3Vyc29yOi0tLTEzNzE5ODZfXzE2MDY4NjYwMDI3ODU=
67,1371985,Y3Vyc29yOi0tLTEzNzE5ODVfXzE2MDY4NjYwMDI2MTU=
68,1371984,Y3Vyc29yOi0tLTEzNzE5ODRfXzE2MDY4NjU5MjAyNjA=
69,1371983,Y3Vyc29yOi0tLTEzNzE5ODNfXzE2MDY4NjU5MDI3MDk=
70,1371982,Y3Vyc29yOi0tLTEzNzE5ODJfXzE2MDY4NjU4OTg4NzQ=
71,1371981,Y3Vyc29yOi0tLTEzNzE5ODFfXzE2MDY4NjU4OTAzNDA=
72,1371980,Y3Vyc29yOi0tLTEzNzE5ODBfXzE2MDY4NjU4ODU4OTY=
73,1371979,Y3Vyc29yOi0tLTEzNzE5NzlfXzE2MDY4NjU4NzQ3MzA=
74,1371978,Y3Vyc29yOi0tLTEzNzE5NzhfXzE2MDY4NjU4NzIxMTA=
75,1371977,Y3Vyc29yOi0tLTEzNzE5NzdfXzE2MDY4NjU4NDg2NDM=
76,1371976,Y3Vyc29yOi0tLTEzNzE5NzZfXzE2MDY4NjU3OTQwMzA=
77,1371975,Y3Vyc29yOi0tLTEzNzE5NzVfXzE2MDY4NjU3OTAzMzY=
78,1371974,Y3Vyc29yOi0tLTEzNzE5NzRfXzE2MDY4NjU3NjAzMTc=
79,1371973,Y3Vyc29yOi0tLTEzNzE5NzNfXzE2MDY4NjU3MzE3NTQ=
80,1371972,Y3Vyc29yOi0tLTEzNzE5NzJfXzE2MDY4NjU3MjkyMDY=
81,1371971,Y3Vyc29yOi0tLTEzNzE5NzFfXzE2MDY4NjU3MTUxMzM=
82,1371970,Y3Vyc29yOi0tLTEzNzE5NzBfXzE2MDY4NjU3MTM1NzA=
83,1371969,Y3Vyc29yOi0tLTEzNzE5NjlfXzE2MDY4NjU2OTgwNDM=
84,1371968,Y3Vyc29yOi0tLTEzNzE5NjhfXzE2MDY4NjU2OTEwNTc=
85,1371967,Y3Vyc29yOi0tLTEzNzE5NjdfXzE2MDY4NjU2NTA4Mzc=
86,1371966,Y3Vyc29yOi0tLTEzNzE5NjZfXzE2MDY4NjU2MjI3ODQ=
87,1371965,Y3Vyc29yOi0tLTEzNzE5NjVfXzE2MDY4NjU1NDM0NTQ=
88,1371964,Y3Vyc29yOi0tLTEzNzE5NjRfXzE2MDY4NjU1MzgxNTE=
89,1371963,Y3Vyc29yOi0tLTEzNzE5NjNfXzE2MDY4NjU1MzgwMzA=
90,1371962,Y3Vyc29yOi0tLTEzNzE5NjJfXzE2MDY4NjU1MzQyMjg=
91,1371961,Y3Vyc29yOi0tLTEzNzE5NjFfXzE2MDY4NjU1MzMwNDk=
92,1371960,Y3Vyc29yOi0tLTEzNzE5NjBfXzE2MDY4NjU1MjgwMTc=
93,1371959,Y3Vyc29yOi0tLTEzNzE5NTlfXzE2MDY4NjU1MTUyOTc=
94,1371958,Y3Vyc29yOi0tLTEzNzE5NThfXzE2MDY4NjU1MDY1NDk=
95,1371957,Y3Vyc29yOi0tLTEzNzE5NTdfXzE2MDY4NjU0ODQ4NTI=
96,1371956,Y3Vyc29yOi0tLTEzNzE5NTZfXzE2MDY4NjU0ODIzMTg=
97,1371955,Y3Vyc29yOi0tLTEzNzE5NTVfXzE2MDY4NjU0ODA1NDU=
98,1371954,Y3Vyc29yOi0tLTEzNzE5NTRfXzE2MDY4NjU0Nzk0ODA=
99,1371953,Y3Vyc29yOi0tLTEzNzE5NTNfXzE2MDY4NjU0NzkzMDM=
100,1371952,Y3Vyc29yOi0tLTEzNzE5NTJfXzE2MDY4NjU0NzgwMjc=
1,1371951,Y3Vyc29yOi0tLTEzNzE5NTFfXzE2MDY4NjU0NzcwMDA=
2,1371950,Y3Vyc29yOi0tLTEzNzE5NTBfXzE2MDY4NjU0NzY5Njg=
3,1371949,Y3Vyc29yOi0tLTEzNzE5NDlfXzE2MDY4NjU0NzY1MjE=
4,1371948,Y3Vyc29yOi0tLTEzNzE5NDhfXzE2MDY4NjU0NzU5NzY=
5,1371947,Y3Vyc29yOi0tLTEzNzE5NDdfXzE2MDY4NjU0NzU4ODQ=
6,1371946,Y3Vyc29yOi0tLTEzNzE5NDZfXzE2MDY4NjU0NzQ3MjQ=
7,1371945,Y3Vyc29yOi0tLTEzNzE5NDVfXzE2MDY4NjU0NzQxNzM=
8,1371944,Y3Vyc29yOi0tLTEzNzE5NDRfXzE2MDY4NjU0NzMwOTQ=
9,1371943,Y3Vyc29yOi0tLTEzNzE5NDNfXzE2MDY4NjU0NzI3ODE=
10,1371942,Y3Vyc29yOi0tLTEzNzE5NDJfXzE2MDY4NjU0NzE1MDM=
11,1371941,Y3Vyc29yOi0tLTEzNzE5NDFfXzE2MDY4NjU0NzEyMzU=
12,1371940,Y3Vyc29yOi0tLTEzNzE5NDBfXzE2MDY4NjU0NzA5ODk=
13,1371939,Y3Vyc29yOi0tLTEzNzE5MzlfXzE2MDY4NjU0NzA5ODc=
14,1371938,Y3Vyc29yOi0tLTEzNzE5MzhfXzE2MDY4NjU0Njk4MDU=
15,1371937,Y3Vyc29yOi0tLTEzNzE5MzdfXzE2MDY4NjU0Njk0OTE=
16,1371936,Y3Vyc29yOi0tLTEzNzE5MzZfXzE2MDY4NjU0NjkyMDQ=
17,1371935,Y3Vyc29yOi0tLTEzNzE5MzVfXzE2MDY4NjU0NjgyODE=
18,1371934,Y3Vyc29yOi0tLTEzNzE5MzRfXzE2MDY4NjU0NjQ4MDQ=
19,1371933,Y3Vyc29yOi0tLTEzNzE5MzNfXzE2MDY4NjU0MDM0OTY=
20,1371932,Y3Vyc29yOi0tLTEzNzE5MzJfXzE2MDY4NjUzNzA4Mzc=
21,1371931,Y3Vyc29yOi0tLTEzNzE5MzFfXzE2MDY4NjUzNTI1NzM=
22,1371930,Y3Vyc29yOi0tLTEzNzE5MzBfXzE2MDY4NjUzNTExODI=
23,1371929,Y3Vyc29yOi0tLTEzNzE5MjlfXzE2MDY4NjUzMzc2Mzg=
24,1371928,Y3Vyc29yOi0tLTEzNzE5MjhfXzE2MDY4NjUzMTIxOTM=
25,1371927,Y3Vyc29yOi0tLTEzNzE5MjdfXzE2MDY4NjUyNjU5NjY=
26,1371926,Y3Vyc29yOi0tLTEzNzE5MjZfXzE2MDY4NjUxNzg3ODQ=
27,1371925,Y3Vyc29yOi0tLTEzNzE5MjVfXzE2MDY4NjUxMTc2MTQ=
28,1371924,Y3Vyc29yOi0tLTEzNzE5MjRfXzE2MDY4NjUxMDc0NzU=
29,1371923,Y3Vyc29yOi0tLTEzNzE5MjNfXzE2MDY4NjUwOTcyMTA=
30,1371922,Y3Vyc29yOi0tLTEzNzE5MjJfXzE2MDY4NjUwNjQ4Mjk=
31,1371921,Y3Vyc29yOi0tLTEzNzE5MjFfXzE2MDY4NjUwNDkwOTE=
32,1371920,Y3Vyc29yOi0tLTEzNzE5MjBfXzE2MDY4NjUwMDQyNjg=
33,1371919,Y3Vyc29yOi0tLTEzNzE5MTlfXzE2MDY4NjQ5ODU0Mjg=
34,1371918,Y3Vyc29yOi0tLTEzNzE5MThfXzE2MDY4NjQ5Nzg5MzU=
35,1371917,Y3Vyc29yOi0tLTEzNzE5MTdfXzE2MDY4NjQ5Njk1MDM=
36,1371916,Y3Vyc29yOi0tLTEzNzE5MTZfXzE2MDY4NjQ5NDg1NTE=
37,1371915,Y3Vyc29yOi0tLTEzNzE5MTVfXzE2MDY4NjQ5NDcyMTQ=
38,1371914,Y3Vyc29yOi0tLTEzNzE5MTRfXzE2MDY4NjQ5Mjk2ODk=
39,1371913,Y3Vyc29yOi0tLTEzNzE5MTNfXzE2MDY4NjQ5MTM5Mzg=
40,1371912,Y3Vyc29yOi0tLTEzNzE5MTJfXzE2MDY4NjQ4OTU2MzU=
41,1371911,Y3Vyc29yOi0tLTEzNzE5MTFfXzE2MDY4NjQ3Nzc4NTk=
42,1371910,Y3Vyc29yOi0tLTEzNzE5MTBfXzE2MDY4NjQ3Njk0MDM=
43,1371909,Y3Vyc29yOi0tLTEzNzE5MDlfXzE2MDY4NjQ3Mzk2MDA=
44,1371908,Y3Vyc29yOi0tLTEzNzE5MDhfXzE2MDY4NjQ3MzQ2NzU=
45,1371907,Y3Vyc29yOi0tLTEzNzE5MDdfXzE2MDY4NjQ2OTg5MDE=
46,1371906,Y3Vyc29yOi0tLTEzNzE5MDZfXzE2MDY4NjQ2NzM4MDU=
47,1371905,Y3Vyc29yOi0tLTEzNzE5MDVfXzE2MDY4NjQ2MzExNjQ=
48,1371904,Y3Vyc29yOi0tLTEzNzE5MDRfXzE2MDY4NjQ2MjUzOTI=
49,1371903,Y3Vyc29yOi0tLTEzNzE5MDNfXzE2MDY4NjQ1ODA4NTQ=
50,1371902,Y3Vyc29yOi0tLTEzNzE5MDJfXzE2MDY4NjQ1Nzg5NjQ=
51,1371901,Y3Vyc29yOi0tLTEzNzE5MDFfXzE2MDY4NjQ1NzgzNTI=
52,1371900,Y3Vyc29yOi0tLTEzNzE5MDBfXzE2MDY4NjQ1NzQ2ODQ=
53,1371899,Y3Vyc29yOi0tLTEzNzE4OTlfXzE2MDY4NjQ1NzQ2Mjk=
54,1371898,Y3Vyc29yOi0tLTEzNzE4OThfXzE2MDY4NjQ1NzQyMzE=
55,1371897,Y3Vyc29yOi0tLTEzNzE4OTdfXzE2MDY4NjQ1NzMxMzA=
56,1371896,Y3Vyc29yOi0tLTEzNzE4OTZfXzE2MDY4NjQ1NzI3NTY=
57,1371895,Y3Vyc29yOi0tLTEzNzE4OTVfXzE2MDY4NjQ1Njg5NDI=
58,1371894,Y3Vyc29yOi0tLTEzNzE4OTRfXzE2MDY4NjQ1MTg5MTI=
59,1371893,Y3Vyc29yOi0tLTEzNzE4OTNfXzE2MDY4NjQ1MTQzOTE=
60,1371892,Y3Vyc29yOi0tLTEzNzE4OTJfXzE2MDY4NjQ0MjM5NTA=
61,1371891,Y3Vyc29yOi0tLTEzNzE4OTFfXzE2MDY4NjQ0MjIxODQ=
62,1371890,Y3Vyc29yOi0tLTEzNzE4OTBfXzE2MDY4NjQzNzI5NTQ=
63,1371889,Y3Vyc29yOi0tLTEzNzE4ODlfXzE2MDY4NjQzNDYwMjQ=
64,1371888,Y3Vyc29yOi0tLTEzNzE4ODhfXzE2MDY4NjQzNDI2NjA=
65,1371887,Y3Vyc29yOi0tLTEzNzE4ODdfXzE2MDY4NjQzMDI5NTg=
66,1371886,Y3Vyc29yOi0tLTEzNzE4ODZfXzE2MDY4NjQyNTgwNjU=
67,1371885,Y3Vyc29yOi0tLTEzNzE4ODVfXzE2MDY4NjQyNDYyNDM=
68,1371884,Y3Vyc29yOi0tLTEzNzE4ODRfXzE2MDY4NjQyMTA5NDQ=
69,1371883,Y3Vyc29yOi0tLTEzNzE4ODNfXzE2MDY4NjQxOTU0OTg=
70,1371882,Y3Vyc29yOi0tLTEzNzE4ODJfXzE2MDY4NjQxOTEwOTQ=
71,1371881,Y3Vyc29yOi0tLTEzNzE4ODFfXzE2MDY4NjQxNjU2ODc=
72,1371880,Y3Vyc29yOi0tLTEzNzE4ODBfXzE2MDY4NjQxNTczMDg=
73,1371879,Y3Vyc29yOi0tLTEzNzE4NzlfXzE2MDY4NjQxNTQ0NjA=
74,1371878,Y3Vyc29yOi0tLTEzNzE4NzhfXzE2MDY4NjQxMzA5MDI=
75,1371877,Y3Vyc29yOi0tLTEzNzE4NzdfXzE2MDY4NjQxMjY2NzA=
76,1371876,Y3Vyc29yOi0tLTEzNzE4NzZfXzE2MDY4NjQxMDM1NTc=
77,1371875,Y3Vyc29yOi0tLTEzNzE4NzVfXzE2MDY4NjQwOTU0OTQ=
78,1371874,Y3Vyc29yOi0tLTEzNzE4NzRfXzE2MDY4NjQwNzgxODU=
79,1371873,Y3Vyc29yOi0tLTEzNzE4NzNfXzE2MDY4NjQwMzgzNTQ=
80,1371872,Y3Vyc29yOi0tLTEzNzE4NzJfXzE2MDY4NjQwMzIyMjU=
81,1371871,Y3Vyc29yOi0tLTEzNzE4NzFfXzE2MDY4NjQwMzAyNzg=
82,1371870,Y3Vyc29yOi0tLTEzNzE4NzBfXzE2MDY4NjQwMTM5NDM=
83,1371869,Y3Vyc29yOi0tLTEzNzE4NjlfXzE2MDY4NjQwMDA0Njc=
84,1371868,Y3Vyc29yOi0tLTEzNzE4NjhfXzE2MDY4NjM5OTk0OTM=
85,1371867,Y3Vyc29yOi0tLTEzNzE4NjdfXzE2MDY4NjM5OTc1ODg=
86,1371866,Y3Vyc29yOi0tLTEzNzE4NjZfXzE2MDY4NjM5OTE5MjA=
87,1371865,Y3Vyc29yOi0tLTEzNzE4NjVfXzE2MDY4NjM5ODIxMzE=
88,1371864,Y3Vyc29yOi0tLTEzNzE4NjRfXzE2MDY4NjM5NzkxNTQ=
89,1371863,Y3Vyc29yOi0tLTEzNzE4NjNfXzE2MDY4NjM5NzIxMTk=
90,1371862,Y3Vyc29yOi0tLTEzNzE4NjJfXzE2MDY4NjM5NjIwMjY=
91,1371861,Y3Vyc29yOi0tLTEzNzE4NjFfXzE2MDY4NjM5NTA5MDk=
92,1371860,Y3Vyc29yOi0tLTEzNzE4NjBfXzE2MDY4NjM5NDI0MzE=
93,1371859,Y3Vyc29yOi0tLTEzNzE4NTlfXzE2MDY4NjM5Mjk5NDQ=
94,1371858,Y3Vyc29yOi0tLTEzNzE4NThfXzE2MDY4NjM5MjcyMDM=
95,1371857,Y3Vyc29yOi0tLTEzNzE4NTdfXzE2MDY4NjM5MTI4NDQ=
96,1371856,Y3Vyc29yOi0tLTEzNzE4NTZfXzE2MDY4NjM4ODU5NzY=
97,1371855,Y3Vyc29yOi0tLTEzNzE4NTVfXzE2MDY4NjM4NTcxNDU=
98,1371854,Y3Vyc29yOi0tLTEzNzE4NTRfXzE2MDY4NjM4MzI4OTU=
99,1371853,Y3Vyc29yOi0tLTEzNzE4NTNfXzE2MDY4NjM3Mzc5ODA=
100,1371852,Y3Vyc29yOi0tLTEzNzE4NTJfXzE2MDY4NjM3MjAyNzc=
1,1371851,Y3Vyc29yOi0tLTEzNzE4NTFfXzE2MDY4NjM3MTgxMTg=
2,1371850,Y3Vyc29yOi0tLTEzNzE4NTBfXzE2MDY4NjM3MTc0NDU=
3,1371849,Y3Vyc29yOi0tLTEzNzE4NDlfXzE2MDY4NjM3MTU2MTU=
4,1371848,Y3Vyc29yOi0tLTEzNzE4NDhfXzE2MDY4NjM2NzY4NTk=
5,1371847,Y3Vyc29yOi0tLTEzNzE4NDdfXzE2MDY4NjM2NzU4OTY=
6,1371846,Y3Vyc29yOi0tLTEzNzE4NDZfXzE2MDY4NjM2NzQ2OTE=
7,1371845,Y3Vyc29yOi0tLTEzNzE4NDVfXzE2MDY4NjM2NzM3OTU=
8,1371844,Y3Vyc29yOi0tLTEzNzE4NDRfXzE2MDY4NjM2NzM3OTE=
9,1371843,Y3Vyc29yOi0tLTEzNzE4NDNfXzE2MDY4NjM2NzM3MTY=
10,1371842,Y3Vyc29yOi0tLTEzNzE4NDJfXzE2MDY4NjM2NzIzMTc=
11,1371841,Y3Vyc29yOi0tLTEzNzE4NDFfXzE2MDY4NjM2NzIyNTQ=
12,1371840,Y3Vyc29yOi0tLTEzNzE4NDBfXzE2MDY4NjM2NzIwOTU=
13,1371839,Y3Vyc29yOi0tLTEzNzE4MzlfXzE2MDY4NjM2NzE5ODQ=
14,1371838,Y3Vyc29yOi0tLTEzNzE4MzhfXzE2MDY4NjM2NzA1MzU=
15,1371837,Y3Vyc29yOi0tLTEzNzE4MzdfXzE2MDY4NjM2Njk4OTY=
16,1371836,Y3Vyc29yOi0tLTEzNzE4MzZfXzE2MDY4NjM2Njc4MTE=
17,1371835,Y3Vyc29yOi0tLTEzNzE4MzVfXzE2MDY4NjM2Mzc1OTA=
18,1371834,Y3Vyc29yOi0tLTEzNzE4MzRfXzE2MDY4NjM2MTc4Njg=
19,1371833,Y3Vyc29yOi0tLTEzNzE4MzNfXzE2MDY4NjM2MTEwNTM=
20,1371832,Y3Vyc29yOi0tLTEzNzE4MzJfXzE2MDY4NjM1NzEzNTk=
21,1371831,Y3Vyc29yOi0tLTEzNzE4MzFfXzE2MDY4NjM1NjQ3MjQ=
22,1371830,Y3Vyc29yOi0tLTEzNzE4MzBfXzE2MDY4NjM1NjIxMTE=
23,1371829,Y3Vyc29yOi0tLTEzNzE4MjlfXzE2MDY4NjM1MDcwMzk=
24,1371828,Y3Vyc29yOi0tLTEzNzE4MjhfXzE2MDY4NjM1MDU5NDQ=
25,1371827,Y3Vyc29yOi0tLTEzNzE4MjdfXzE2MDY4NjM1MDQzNzA=
26,1371826,Y3Vyc29yOi0tLTEzNzE4MjZfXzE2MDY4NjM1MDE1Njk=
27,1371825,Y3Vyc29yOi0tLTEzNzE4MjVfXzE2MDY4NjM0OTA1NTM=
28,1371824,Y3Vyc29yOi0tLTEzNzE4MjRfXzE2MDY4NjM0ODY0NDc=
29,1371823,Y3Vyc29yOi0tLTEzNzE4MjNfXzE2MDY4NjM0NzY1ODk=
30,1371822,Y3Vyc29yOi0tLTEzNzE4MjJfXzE2MDY4NjM0NzM5Njg=
31,1371821,Y3Vyc29yOi0tLTEzNzE4MjFfXzE2MDY4NjM0NzE5OTY=
32,1371820,Y3Vyc29yOi0tLTEzNzE4MjBfXzE2MDY4NjM0NTQ0NzU=
33,1371819,Y3Vyc29yOi0tLTEzNzE4MTlfXzE2MDY4NjM0Mjg2NTA=
34,1371818,Y3Vyc29yOi0tLTEzNzE4MThfXzE2MDY4NjMzOTA4Mzk=
35,1371817,Y3Vyc29yOi0tLTEzNzE4MTdfXzE2MDY4NjMzODg1NDc=
36,1371816,Y3Vyc29yOi0tLTEzNzE4MTZfXzE2MDY4NjMzODIwNTM=
37,1371815,Y3Vyc29yOi0tLTEzNzE4MTVfXzE2MDY4NjMzNjYyMjE=
38,1371814,Y3Vyc29yOi0tLTEzNzE4MTRfXzE2MDY4NjMzMzM0NDE=
39,1371813,Y3Vyc29yOi0tLTEzNzE4MTNfXzE2MDY4NjMyNjgwNTA=
40,1371812,Y3Vyc29yOi0tLTEzNzE4MTJfXzE2MDY4NjMyNTM1MjI=
41,1371811,Y3Vyc29yOi0tLTEzNzE4MTFfXzE2MDY4NjMyMzA3NjQ=
42,1371810,Y3Vyc29yOi0tLTEzNzE4MTBfXzE2MDY4NjMyMjQ4MDI=
43,1371809,Y3Vyc29yOi0tLTEzNzE4MDlfXzE2MDY4NjMxODg4NDQ=
44,1371808,Y3Vyc29yOi0tLTEzNzE4MDhfXzE2MDY4NjMxNzQ2ODQ=
45,1371807,Y3Vyc29yOi0tLTEzNzE4MDdfXzE2MDY4NjMxNjEwNjE=
46,1371806,Y3Vyc29yOi0tLTEzNzE4MDZfXzE2MDY4NjMxNDg3OTk=
47,1371805,Y3Vyc29yOi0tLTEzNzE4MDVfXzE2MDY4NjMxNDU3MTE=
48,1371804,Y3Vyc29yOi0tLTEzNzE4MDRfXzE2MDY4NjMxMzIxOTc=
49,1371803,Y3Vyc29yOi0tLTEzNzE4MDNfXzE2MDY4NjMxMDg4NTU=
50,1371802,Y3Vyc29yOi0tLTEzNzE4MDJfXzE2MDY4NjMwNDI2Njg=
51,1371801,Y3Vyc29yOi0tLTEzNzE4MDFfXzE2MDY4NjMwMzkzNjc=
52,1371800,Y3Vyc29yOi0tLTEzNzE4MDBfXzE2MDY4NjMwMjkwOTk=
53,1371799,Y3Vyc29yOi0tLTEzNzE3OTlfXzE2MDY4NjI5OTQwMTk=
54,1371798,Y3Vyc29yOi0tLTEzNzE3OThfXzE2MDY4NjI5OTI4NjQ=
55,1371797,Y3Vyc29yOi0tLTEzNzE3OTdfXzE2MDY4NjI5ODc2MzY=
56,1371796,Y3Vyc29yOi0tLTEzNzE3OTZfXzE2MDY4NjI5ODU2ODQ=
57,1371795,Y3Vyc29yOi0tLTEzNzE3OTVfXzE2MDY4NjI5NzQ3MTc=
58,1371794,Y3Vyc29yOi0tLTEzNzE3OTRfXzE2MDY4NjI5NzI3ODc=
59,1371793,Y3Vyc29yOi0tLTEzNzE3OTNfXzE2MDY4NjI5NjkyNDY=
60,1371792,Y3Vyc29yOi0tLTEzNzE3OTJfXzE2MDY4NjI5NjE3MTU=
61,1371791,Y3Vyc29yOi0tLTEzNzE3OTFfXzE2MDY4NjI5NTA2ODk=
62,1371790,Y3Vyc29yOi0tLTEzNzE3OTBfXzE2MDY4NjI5MzEwNDE=
63,1371789,Y3Vyc29yOi0tLTEzNzE3ODlfXzE2MDY4NjI5MDY4NjY=
64,1371788,Y3Vyc29yOi0tLTEzNzE3ODhfXzE2MDY4NjI5MDY2NjU=
65,1371787,Y3Vyc29yOi0tLTEzNzE3ODdfXzE2MDY4NjI4ODc4MzY=
66,1371786,Y3Vyc29yOi0tLTEzNzE3ODZfXzE2MDY4NjI4NzY2NTA=
67,1371785,Y3Vyc29yOi0tLTEzNzE3ODVfXzE2MDY4NjI4NzE1Mzc=
68,1371784,Y3Vyc29yOi0tLTEzNzE3ODRfXzE2MDY4NjI4MzIyNzE=
69,1371783,Y3Vyc29yOi0tLTEzNzE3ODNfXzE2MDY4NjI4MDU4MDY=
70,1371782,Y3Vyc29yOi0tLTEzNzE3ODJfXzE2MDY4NjI3NzYzNTc=
71,1371781,Y3Vyc29yOi0tLTEzNzE3ODFfXzE2MDY4NjI3NzYyNzY=
72,1371780,Y3Vyc29yOi0tLTEzNzE3ODBfXzE2MDY4NjI3NzMyMjQ=
73,1371779,Y3Vyc29yOi0tLTEzNzE3NzlfXzE2MDY4NjI3NzI1NTI=
74,1371778,Y3Vyc29yOi0tLTEzNzE3NzhfXzE2MDY4NjI3NzI1MTQ=
75,1371777,Y3Vyc29yOi0tLTEzNzE3NzdfXzE2MDY4NjI3NzIyNjY=
76,1371776,Y3Vyc29yOi0tLTEzNzE3NzZfXzE2MDY4NjI3NzE2MTA=
77,1371775,Y3Vyc29yOi0tLTEzNzE3NzVfXzE2MDY4NjI3NzExNTc=
78,1371774,Y3Vyc29yOi0tLTEzNzE3NzRfXzE2MDY4NjI3NzEwMDA=
79,1371773,Y3Vyc29yOi0tLTEzNzE3NzNfXzE2MDY4NjI3NjkwNzM=
80,1371772,Y3Vyc29yOi0tLTEzNzE3NzJfXzE2MDY4NjI3NjgxMDA=
81,1371771,Y3Vyc29yOi0tLTEzNzE3NzFfXzE2MDY4NjI3NTM5NDg=
82,1371770,Y3Vyc29yOi0tLTEzNzE3NzBfXzE2MDY4NjI2OTIxMTE=
83,1371769,Y3Vyc29yOi0tLTEzNzE3NjlfXzE2MDY4NjI2ODQxOTQ=
84,1371768,Y3Vyc29yOi0tLTEzNzE3NjhfXzE2MDY4NjI2NzM0MTg=
85,1371767,Y3Vyc29yOi0tLTEzNzE3NjdfXzE2MDY4NjI2NjUwODQ=
86,1371766,Y3Vyc29yOi0tLTEzNzE3NjZfXzE2MDY4NjI2NjM2Njk=
87,1371765,Y3Vyc29yOi0tLTEzNzE3NjVfXzE2MDY4NjI2MzU2NTk=
88,1371764,Y3Vyc29yOi0tLTEzNzE3NjRfXzE2MDY4NjI2MjU3MDY=
89,1371763,Y3Vyc29yOi0tLTEzNzE3NjNfXzE2MDY4NjI2MjMyNjU=
90,1371762,Y3Vyc29yOi0tLTEzNzE3NjJfXzE2MDY4NjI2MDk2NzU=
91,1371761,Y3Vyc29yOi0tLTEzNzE3NjFfXzE2MDY4NjI2MDQzMjQ=
92,1371760,Y3Vyc29yOi0tLTEzNzE3NjBfXzE2MDY4NjI1ODA4OTk=
93,1371759,Y3Vyc29yOi0tLTEzNzE3NTlfXzE2MDY4NjI1Njk2OTQ=
94,1371758,Y3Vyc29yOi0tLTEzNzE3NThfXzE2MDY4NjI1Njg0NTk=
95,1371757,Y3Vyc29yOi0tLTEzNzE3NTdfXzE2MDY4NjI1MzkzMDI=
96,1371756,Y3Vyc29yOi0tLTEzNzE3NTZfXzE2MDY4NjI1MzcxNDA=
97,1371755,Y3Vyc29yOi0tLTEzNzE3NTVfXzE2MDY4NjI1MzQ2MDA=
98,1371754,Y3Vyc29yOi0tLTEzNzE3NTRfXzE2MDY4NjI1MzA2OTE=
99,1371753,Y3Vyc29yOi0tLTEzNzE3NTNfXzE2MDY4NjI1MTcwMDU=
100,1371752,Y3Vyc29yOi0tLTEzNzE3NTJfXzE2MDY4NjI1MTU2NDc=
1,1371751,Y3Vyc29yOi0tLTEzNzE3NTFfXzE2MDY4NjI0NjM5MDM=
2,1371750,Y3Vyc29yOi0tLTEzNzE3NTBfXzE2MDY4NjI0NDkzNDc=
3,1371749,Y3Vyc29yOi0tLTEzNzE3NDlfXzE2MDY4NjI0MTM2Mjg=
4,1371748,Y3Vyc29yOi0tLTEzNzE3NDhfXzE2MDY4NjIzOTk2Mjc=
5,1371747,Y3Vyc29yOi0tLTEzNzE3NDdfXzE2MDY4NjIzOTEyNjc=
6,1371746,Y3Vyc29yOi0tLTEzNzE3NDZfXzE2MDY4NjIzNDMzNjc=
7,1371745,Y3Vyc29yOi0tLTEzNzE3NDVfXzE2MDY4NjIzMjQ1MDk=
8,1371744,Y3Vyc29yOi0tLTEzNzE3NDRfXzE2MDY4NjIzMjM1NjU=
9,1371743,Y3Vyc29yOi0tLTEzNzE3NDNfXzE2MDY4NjIzMDQ5NzY=
10,1371742,Y3Vyc29yOi0tLTEzNzE3NDJfXzE2MDY4NjIyODk3MTY=
11,1371741,Y3Vyc29yOi0tLTEzNzE3NDFfXzE2MDY4NjIyODIyMDE=
12,1371740,Y3Vyc29yOi0tLTEzNzE3NDBfXzE2MDY4NjIyNjA3ODI=
13,1371739,Y3Vyc29yOi0tLTEzNzE3MzlfXzE2MDY4NjIyNDc1MTY=
14,1371738,Y3Vyc29yOi0tLTEzNzE3MzhfXzE2MDY4NjIyNDI5ODg=
15,1371737,Y3Vyc29yOi0tLTEzNzE3MzdfXzE2MDY4NjIyMzk1OTM=
16,1371736,Y3Vyc29yOi0tLTEzNzE3MzZfXzE2MDY4NjIxNzc1MzY=
17,1371735,Y3Vyc29yOi0tLTEzNzE3MzVfXzE2MDY4NjIxNzUyNzc=
18,1371734,Y3Vyc29yOi0tLTEzNzE3MzRfXzE2MDY4NjIxNjA1NjI=
19,1371733,Y3Vyc29yOi0tLTEzNzE3MzNfXzE2MDY4NjIxMzk2MzA=
20,1371732,Y3Vyc29yOi0tLTEzNzE3MzJfXzE2MDY4NjIxMTI3MDk=
21,1371731,Y3Vyc29yOi0tLTEzNzE3MzFfXzE2MDY4NjIwNzQ4Mjc=
22,1371730,Y3Vyc29yOi0tLTEzNzE3MzBfXzE2MDY4NjIwNTkxNjY=
23,1371729,Y3Vyc29yOi0tLTEzNzE3MjlfXzE2MDY4NjIwMjE3MTk=
24,1371728,Y3Vyc29yOi0tLTEzNzE3MjhfXzE2MDY4NjIwMDM2MjY=
25,1371727,Y3Vyc29yOi0tLTEzNzE3MjdfXzE2MDY4NjE5NDY4MjM=
26,1371726,Y3Vyc29yOi0tLTEzNzE3MjZfXzE2MDY4NjE5MjAxODQ=
27,1371725,Y3Vyc29yOi0tLTEzNzE3MjVfXzE2MDY4NjE4OTk2NTM=
28,1371724,Y3Vyc29yOi0tLTEzNzE3MjRfXzE2MDY4NjE4ODU1MTU=
29,1371723,Y3Vyc29yOi0tLTEzNzE3MjNfXzE2MDY4NjE4ODI0MzI=
30,1371722,Y3Vyc29yOi0tLTEzNzE3MjJfXzE2MDY4NjE4ODIyNTI=
31,1371721,Y3Vyc29yOi0tLTEzNzE3MjFfXzE2MDY4NjE4NzcxNDE=
32,1371720,Y3Vyc29yOi0tLTEzNzE3MjBfXzE2MDY4NjE4NzI5MDE=
33,1371719,Y3Vyc29yOi0tLTEzNzE3MTlfXzE2MDY4NjE4NzE1NDM=
34,1371718,Y3Vyc29yOi0tLTEzNzE3MThfXzE2MDY4NjE4NzA4NDY=
35,1371717,Y3Vyc29yOi0tLTEzNzE3MTdfXzE2MDY4NjE4NzA1NTI=
36,1371716,Y3Vyc29yOi0tLTEzNzE3MTZfXzE2MDY4NjE4NzA0MDI=
37,1371715,Y3Vyc29yOi0tLTEzNzE3MTVfXzE2MDY4NjE4Njg0NjE=
38,1371714,Y3Vyc29yOi0tLTEzNzE3MTRfXzE2MDY4NjE4NDY0NTM=
39,1371713,Y3Vyc29yOi0tLTEzNzE3MTNfXzE2MDY4NjE4NDQ5MTc=
40,1371712,Y3Vyc29yOi0tLTEzNzE3MTJfXzE2MDY4NjE4MzE1OTI=
41,1371711,Y3Vyc29yOi0tLTEzNzE3MTFfXzE2MDY4NjE4MDExMDU=
42,1371710,Y3Vyc29yOi0tLTEzNzE3MTBfXzE2MDY4NjE3ODQ0MTQ=
43,1371709,Y3Vyc29yOi0tLTEzNzE3MDlfXzE2MDY4NjE3ODE2NTY=
44,1371708,Y3Vyc29yOi0tLTEzNzE3MDhfXzE2MDY4NjE3NzAwOTE=
45,1371707,Y3Vyc29yOi0tLTEzNzE3MDdfXzE2MDY4NjE3MjYyODM=
46,1371706,Y3Vyc29yOi0tLTEzNzE3MDZfXzE2MDY4NjE2NzI3MzY=
47,1371705,Y3Vyc29yOi0tLTEzNzE3MDVfXzE2MDY4NjE1Njc4NDc=
48,1371704,Y3Vyc29yOi0tLTEzNzE3MDRfXzE2MDY4NjE1NTU4MTQ=
49,1371703,Y3Vyc29yOi0tLTEzNzE3MDNfXzE2MDY4NjE1MzExMzc=
50,1371702,Y3Vyc29yOi0tLTEzNzE3MDJfXzE2MDY4NjE1MjEwODc=
51,1371701,Y3Vyc29yOi0tLTEzNzE3MDFfXzE2MDY4NjE1MDA0ODU=
52,1371700,Y3Vyc29yOi0tLTEzNzE3MDBfXzE2MDY4NjE0NjUyMzc=
53,1371699,Y3Vyc29yOi0tLTEzNzE2OTlfXzE2MDY4NjE0Mzk1MDA=
54,1371698,Y3Vyc29yOi0tLTEzNzE2OThfXzE2MDY4NjE0Mzg0MjQ=
55,1371697,Y3Vyc29yOi0tLTEzNzE2OTdfXzE2MDY4NjE0MzE4NDE=
56,1371696,Y3Vyc29yOi0tLTEzNzE2OTZfXzE2MDY4NjE0MjkxNjg=
57,1371695,Y3Vyc29yOi0tLTEzNzE2OTVfXzE2MDY4NjE0MjQ2ODY=
58,1371694,Y3Vyc29yOi0tLTEzNzE2OTRfXzE2MDY4NjEzNjI4MjY=
59,1371693,Y3Vyc29yOi0tLTEzNzE2OTNfXzE2MDY4NjEzNTY2MDM=
60,1371692,Y3Vyc29yOi0tLTEzNzE2OTJfXzE2MDY4NjEzNTA0MTU=
61,1371691,Y3Vyc29yOi0tLTEzNzE2OTFfXzE2MDY4NjEzNDI5MzE=
62,1371690,Y3Vyc29yOi0tLTEzNzE2OTBfXzE2MDY4NjEzMDg4OTI=
63,1371689,Y3Vyc29yOi0tLTEzNzE2ODlfXzE2MDY4NjEyODk5OTc=
64,1371688,Y3Vyc29yOi0tLTEzNzE2ODhfXzE2MDY4NjEyODE5MjA=
65,1371687,Y3Vyc29yOi0tLTEzNzE2ODdfXzE2MDY4NjEyNzMxODU=
66,1371686,Y3Vyc29yOi0tLTEzNzE2ODZfXzE2MDY4NjEyMzA1MTM=
67,1371685,Y3Vyc29yOi0tLTEzNzE2ODVfXzE2MDY4NjEyMTY2OTM=
68,1371684,Y3Vyc29yOi0tLTEzNzE2ODRfXzE2MDY4NjExOTg3MTQ=
69,1371683,Y3Vyc29yOi0tLTEzNzE2ODNfXzE2MDY4NjExNTMxNTM=
70,1371682,Y3Vyc29yOi0tLTEzNzE2ODJfXzE2MDY4NjExMjk4NjQ=
71,1371681,Y3Vyc29yOi0tLTEzNzE2ODFfXzE2MDY4NjExMjI5MTM=
72,1371680,Y3Vyc29yOi0tLTEzNzE2ODBfXzE2MDY4NjExMDMxNDA=
73,1371679,Y3Vyc29yOi0tLTEzNzE2NzlfXzE2MDY4NjEwNzczNDI=
74,1371678,Y3Vyc29yOi0tLTEzNzE2NzhfXzE2MDY4NjEwNTIyNDM=
75,1371677,Y3Vyc29yOi0tLTEzNzE2NzdfXzE2MDY4NjEwNTA2MTY=
76,1371676,Y3Vyc29yOi0tLTEzNzE2NzZfXzE2MDY4NjEwNTAzNTI=
77,1371675,Y3Vyc29yOi0tLTEzNzE2NzVfXzE2MDY4NjEwNDc0Mzg=
78,1371674,Y3Vyc29yOi0tLTEzNzE2NzRfXzE2MDY4NjEwNDczMTc=
79,1371673,Y3Vyc29yOi0tLTEzNzE2NzNfXzE2MDY4NjEwMTA0MTg=
80,1371672,Y3Vyc29yOi0tLTEzNzE2NzJfXzE2MDY4NjEwMDA4NjI=
81,1371671,Y3Vyc29yOi0tLTEzNzE2NzFfXzE2MDY4NjA5Njg4NzY=
82,1371670,Y3Vyc29yOi0tLTEzNzE2NzBfXzE2MDY4NjA5NjcyNTk=
83,1371669,Y3Vyc29yOi0tLTEzNzE2NjlfXzE2MDY4NjA5NjY0NTg=
84,1371668,Y3Vyc29yOi0tLTEzNzE2NjhfXzE2MDY4NjA5NjU5MzA=
85,1371667,Y3Vyc29yOi0tLTEzNzE2NjdfXzE2MDY4NjA5MjkyMzg=
86,1371666,Y3Vyc29yOi0tLTEzNzE2NjZfXzE2MDY4NjA3NjQxMjA=
87,1371665,Y3Vyc29yOi0tLTEzNzE2NjVfXzE2MDY4NjA3NjAxNDg=
88,1371664,Y3Vyc29yOi0tLTEzNzE2NjRfXzE2MDY4NjA3NDQxMDc=
89,1371663,Y3Vyc29yOi0tLTEzNzE2NjNfXzE2MDY4NjA3MzU5MTk=
90,1371662,Y3Vyc29yOi0tLTEzNzE2NjJfXzE2MDY4NjA2NTI3MTk=
91,1371661,Y3Vyc29yOi0tLTEzNzE2NjFfXzE2MDY4NjA2NTE5OTg=
92,1371660,Y3Vyc29yOi0tLTEzNzE2NjBfXzE2MDY4NjA1NzU1OTI=
93,1371659,Y3Vyc29yOi0tLTEzNzE2NTlfXzE2MDY4NjA1NzIwNjY=
94,1371658,Y3Vyc29yOi0tLTEzNzE2NThfXzE2MDY4NjA1NTIzMjQ=
95,1371657,Y3Vyc29yOi0tLTEzNzE2NTdfXzE2MDY4NjA1NDQ4NTY=
96,1371656,Y3Vyc29yOi0tLTEzNzE2NTZfXzE2MDY4NjA1MjgxNzM=
97,1371655,Y3Vyc29yOi0tLTEzNzE2NTVfXzE2MDY4NjA0NTY5MTU=
98,1371654,Y3Vyc29yOi0tLTEzNzE2NTRfXzE2MDY4NjA0NTQ4ODg=
99,1371653,Y3Vyc29yOi0tLTEzNzE2NTNfXzE2MDY4NjA0MDM0NDQ=
100,1371652,Y3Vyc29yOi0tLTEzNzE2NTJfXzE2MDY4NjAyMTUxODY=
1,1371651,Y3Vyc29yOi0tLTEzNzE2NTFfXzE2MDY4NjAyMTM4NTg=
2,1371650,Y3Vyc29yOi0tLTEzNzE2NTBfXzE2MDY4NjAyMTE0OTc=
3,1371649,Y3Vyc29yOi0tLTEzNzE2NDlfXzE2MDY4NjAxNDcyODA=
4,1371648,Y3Vyc29yOi0tLTEzNzE2NDhfXzE2MDY4NjAxMzI2NzY=
5,1371647,Y3Vyc29yOi0tLTEzNzE2NDdfXzE2MDY4NjAxMjQ0ODI=
6,1371646,Y3Vyc29yOi0tLTEzNzE2NDZfXzE2MDY4NjAxMTAxODQ=
7,1371645,Y3Vyc29yOi0tLTEzNzE2NDVfXzE2MDY4NjAxMDQwMzI=
8,1371644,Y3Vyc29yOi0tLTEzNzE2NDRfXzE2MDY4NjAwNjY3NDg=
9,1371643,Y3Vyc29yOi0tLTEzNzE2NDNfXzE2MDY4NjAwNjUzNDc=
10,1371642,Y3Vyc29yOi0tLTEzNzE2NDJfXzE2MDY4NjAwNTAwMTM=
11,1371641,Y3Vyc29yOi0tLTEzNzE2NDFfXzE2MDY4NTk5MjAwOTU=
12,1371640,Y3Vyc29yOi0tLTEzNzE2NDBfXzE2MDY4NTk3ODAyNzg=
13,1371639,Y3Vyc29yOi0tLTEzNzE2MzlfXzE2MDY4NTk3Nzc0MzQ=
14,1371638,Y3Vyc29yOi0tLTEzNzE2MzhfXzE2MDY4NTk3NjA3MDU=
15,1371637,Y3Vyc29yOi0tLTEzNzE2MzdfXzE2MDY4NTk3NTY4NDk=
16,1371636,Y3Vyc29yOi0tLTEzNzE2MzZfXzE2MDY4NTk2ODk5NTg=
17,1371635,Y3Vyc29yOi0tLTEzNzE2MzVfXzE2MDY4NTk2NTgyNzQ=
18,1371634,Y3Vyc29yOi0tLTEzNzE2MzRfXzE2MDY4NTk2NTE5MTI=
19,1371633,Y3Vyc29yOi0tLTEzNzE2MzNfXzE2MDY4NTk2NDIwNDU=
20,1371632,Y3Vyc29yOi0tLTEzNzE2MzJfXzE2MDY4NTk2MzcyNjI=
21,1371631,Y3Vyc29yOi0tLTEzNzE2MzFfXzE2MDY4NTk0OTk5Mjc=
22,1371630,Y3Vyc29yOi0tLTEzNzE2MzBfXzE2MDY4NTk0NzAzMDc=
23,1371629,Y3Vyc29yOi0tLTEzNzE2MjlfXzE2MDY4NTk0MjM5MDY=
24,1371628,Y3Vyc29yOi0tLTEzNzE2MjhfXzE2MDY4NTkzMTExMDA=
25,1371627,Y3Vyc29yOi0tLTEzNzE2MjdfXzE2MDY4NTkyNTEyNDg=
26,1371626,Y3Vyc29yOi0tLTEzNzE2MjZfXzE2MDY4NTkxOTI2NTE=
27,1371625,Y3Vyc29yOi0tLTEzNzE2MjVfXzE2MDY4NTkxMjgyNjE=
28,1371624,Y3Vyc29yOi0tLTEzNzE2MjRfXzE2MDY4NTkxMTQ5Mjg=
29,1371623,Y3Vyc29yOi0tLTEzNzE2MjNfXzE2MDY4NTkxMTA1Njg=
30,1371622,Y3Vyc29yOi0tLTEzNzE2MjJfXzE2MDY4NTkxMDk5ODU=
31,1371621,Y3Vyc29yOi0tLTEzNzE2MjFfXzE2MDY4NTkxMDk4NjA=
32,1371620,Y3Vyc29yOi0tLTEzNzE2MjBfXzE2MDY4NTkxMDg0ODU=
33,1371619,Y3Vyc29yOi0tLTEzNzE2MTlfXzE2MDY4NTkxMDg0Nzk=
34,1371618,Y3Vyc29yOi0tLTEzNzE2MThfXzE2MDY4NTkxMDY4ODI=
35,1371617,Y3Vyc29yOi0tLTEzNzE2MTdfXzE2MDY4NTkxMDU4MjA=
36,1371616,Y3Vyc29yOi0tLTEzNzE2MTZfXzE2MDY4NTkwNzc2MTM=
37,1371615,Y3Vyc29yOi0tLTEzNzE2MTVfXzE2MDY4NTkwNzU1Mzg=
38,1371614,Y3Vyc29yOi0tLTEzNzE2MTRfXzE2MDY4NTg5OTU1OTU=
39,1371613,Y3Vyc29yOi0tLTEzNzE2MTNfXzE2MDY4NTg5OTI5OTI=
40,1371612,Y3Vyc29yOi0tLTEzNzE2MTJfXzE2MDY4NTg5OTA5OTI=
41,1371611,Y3Vyc29yOi0tLTEzNzE2MTFfXzE2MDY4NTg5NzI2NTA=
42,1371610,Y3Vyc29yOi0tLTEzNzE2MTBfXzE2MDY4NTg5MjM4MTE=
43,1371609,Y3Vyc29yOi0tLTEzNzE2MDlfXzE2MDY4NTg5MTkxMzE=
44,1371608,Y3Vyc29yOi0tLTEzNzE2MDhfXzE2MDY4NTg5MTI3MzA=
45,1371607,Y3Vyc29yOi0tLTEzNzE2MDdfXzE2MDY4NTg5MDYwMjU=
46,1371606,Y3Vyc29yOi0tLTEzNzE2MDZfXzE2MDY4NTg4OTA2MTM=
47,1371605,Y3Vyc29yOi0tLTEzNzE2MDVfXzE2MDY4NTg4NzAyMjI=
48,1371604,Y3Vyc29yOi0tLTEzNzE2MDRfXzE2MDY4NTg3NzM4NzI=
49,1371603,Y3Vyc29yOi0tLTEzNzE2MDNfXzE2MDY4NTg3MDU3MjU=
50,1371602,Y3Vyc29yOi0tLTEzNzE2MDJfXzE2MDY4NTg2NTUzNjc=
51,1371601,Y3Vyc29yOi0tLTEzNzE2MDFfXzE2MDY4NTg2NTE2NzQ=
52,1371600,Y3Vyc29yOi0tLTEzNzE2MDBfXzE2MDY4NTg2NDgzMzY=
53,1371599,Y3Vyc29yOi0tLTEzNzE1OTlfXzE2MDY4NTg2MTI4OTY=
54,1371598,Y3Vyc29yOi0tLTEzNzE1OThfXzE2MDY4NTg1NzY3MTk=
55,1371597,Y3Vyc29yOi0tLTEzNzE1OTdfXzE2MDY4NTg1NjI4NjA=
56,1371596,Y3Vyc29yOi0tLTEzNzE1OTZfXzE2MDY4NTg1MzAxMTA=
57,1371595,Y3Vyc29yOi0tLTEzNzE1OTVfXzE2MDY4NTg1MTk4ODk=
58,1371594,Y3Vyc29yOi0tLTEzNzE1OTRfXzE2MDY4NTg1MTgzNjc=
59,1371593,Y3Vyc29yOi0tLTEzNzE1OTNfXzE2MDY4NTg1MTYzNjc=
60,1371592,Y3Vyc29yOi0tLTEzNzE1OTJfXzE2MDY4NTg1MTU1ODY=
61,1371591,Y3Vyc29yOi0tLTEzNzE1OTFfXzE2MDY4NTg1MDEwOTI=
62,1371590,Y3Vyc29yOi0tLTEzNzE1OTBfXzE2MDY4NTg0ODM1Nzk=
63,1371589,Y3Vyc29yOi0tLTEzNzE1ODlfXzE2MDY4NTg0NzI0NTM=
64,1371588,Y3Vyc29yOi0tLTEzNzE1ODhfXzE2MDY4NTg0NjUzOTE=
65,1371587,Y3Vyc29yOi0tLTEzNzE1ODdfXzE2MDY4NTg0MjI2OTE=
66,1371586,Y3Vyc29yOi0tLTEzNzE1ODZfXzE2MDY4NTgzNjMxNzI=
67,1371585,Y3Vyc29yOi0tLTEzNzE1ODVfXzE2MDY4NTgzMDYwOTI=
68,1371584,Y3Vyc29yOi0tLTEzNzE1ODRfXzE2MDY4NTgyNzI0Mzg=
69,1371583,Y3Vyc29yOi0tLTEzNzE1ODNfXzE2MDY4NTgyNzIyNzA=
70,1371582,Y3Vyc29yOi0tLTEzNzE1ODJfXzE2MDY4NTgyNjc0NDQ=
71,1371581,Y3Vyc29yOi0tLTEzNzE1ODFfXzE2MDY4NTgyNjcyNTA=
72,1371580,Y3Vyc29yOi0tLTEzNzE1ODBfXzE2MDY4NTgyNTU0NzQ=
73,1371579,Y3Vyc29yOi0tLTEzNzE1NzlfXzE2MDY4NTgyNDg5Njk=
74,1371578,Y3Vyc29yOi0tLTEzNzE1NzhfXzE2MDY4NTgyMzY3OTQ=
75,1371577,Y3Vyc29yOi0tLTEzNzE1NzdfXzE2MDY4NTgyMzQ4NTM=
76,1371576,Y3Vyc29yOi0tLTEzNzE1NzZfXzE2MDY4NTgyMzQ2NTc=
77,1371575,Y3Vyc29yOi0tLTEzNzE1NzVfXzE2MDY4NTgyMDI0NTM=
78,1371574,Y3Vyc29yOi0tLTEzNzE1NzRfXzE2MDY4NTgxNTM1Njg=
79,1371573,Y3Vyc29yOi0tLTEzNzE1NzNfXzE2MDY4NTgxMzM0OTA=
80,1371572,Y3Vyc29yOi0tLTEzNzE1NzJfXzE2MDY4NTgxMDQ1NjI=
81,1371571,Y3Vyc29yOi0tLTEzNzE1NzFfXzE2MDY4NTgxMDM3MDg=
82,1371570,Y3Vyc29yOi0tLTEzNzE1NzBfXzE2MDY4NTgwODU0MTc=
83,1371569,Y3Vyc29yOi0tLTEzNzE1NjlfXzE2MDY4NTgwNzEzMzE=
84,1371568,Y3Vyc29yOi0tLTEzNzE1NjhfXzE2MDY4NTgwMzQwNzE=
85,1371567,Y3Vyc29yOi0tLTEzNzE1NjdfXzE2MDY4NTgwMjYwNjM=
86,1371566,Y3Vyc29yOi0tLTEzNzE1NjZfXzE2MDY4NTc5NjU3NTg=
87,1371565,Y3Vyc29yOi0tLTEzNzE1NjVfXzE2MDY4NTc4OTIwMTM=
88,1371564,Y3Vyc29yOi0tLTEzNzE1NjRfXzE2MDY4NTc4MjU3ODc=
89,1371563,Y3Vyc29yOi0tLTEzNzE1NjNfXzE2MDY4NTc3NjU2MTY=
90,1371562,Y3Vyc29yOi0tLTEzNzE1NjJfXzE2MDY4NTc3MTY1Njc=
91,1371561,Y3Vyc29yOi0tLTEzNzE1NjFfXzE2MDY4NTc2NDcxNTU=
92,1371560,Y3Vyc29yOi0tLTEzNzE1NjBfXzE2MDY4NTc2MjEzNTM=
93,1371559,Y3Vyc29yOi0tLTEzNzE1NTlfXzE2MDY4NTc0ODQzNTI=
94,1371558,Y3Vyc29yOi0tLTEzNzE1NThfXzE2MDY4NTc0ODE3Mzg=
95,1371557,Y3Vyc29yOi0tLTEzNzE1NTdfXzE2MDY4NTczMzc3ODI=
96,1371556,Y3Vyc29yOi0tLTEzNzE1NTZfXzE2MDY4NTczMTM1MjQ=
97,1371555,Y3Vyc29yOi0tLTEzNzE1NTVfXzE2MDY4NTczMTI0Mjc=
98,1371554,Y3Vyc29yOi0tLTEzNzE1NTRfXzE2MDY4NTczMTEwNjg=
99,1371553,Y3Vyc29yOi0tLTEzNzE1NTNfXzE2MDY4NTczMTA3MzQ=
100,1371552,Y3Vyc29yOi0tLTEzNzE1NTJfXzE2MDY4NTczMTA0NTA=
